,category,food,footprint
0,dairy,almond milk,0.42
1,dairy,bufalo milk,3.57
2,dairy,butter,9.25
3,dairy,camembert,7.55
4,dairy,cheddar,13.02
5,dairy,cheese,8.79
6,dairy,coconut milk,0.41
7,dairy,cows milk,1.29
8,dairy,cream,5.64
9,dairy,goats cheese,8.35
10,dairy,goats milk,1.41
11,dairy,mozzarella,7.5
12,dairy,soy milk,0.75
13,dairy,yogurt,1.31
14,fish and seafood,alfonsino,3.49
15,fish and seafood,anglerfish,12.29
16,fish and seafood,bass,3.6
17,fish and seafood,bigeye tuna,11.44
18,fish and seafood,carp,1.76
19,fish and seafood,catfish,8.93
20,fish and seafood,cod,3.62
21,fish and seafood,cuttlefish,6.39
22,fish and seafood,eel,3.88
23,fish and seafood,fish,4.99
24,fish and seafood,flatfish,6.41
25,fish and seafood,fork beard,8.01
26,fish and seafood,haddock,3.41
27,fish and seafood,hake,10.4
28,fish and seafood,herring,1.16
29,fish and seafood,ling,6.45
30,fish and seafood,lobster,27.8
31,fish and seafood,mackerel,1.8
32,fish and seafood,megrim,14.15
33,fish and seafood,mussel,9.51
34,fish and seafood,octopus,7.35
35,fish and seafood,pilchard,1.1
36,fish and seafood,pollock,1.4
37,fish and seafood,pomfret,6.63
38,fish and seafood,porbeagle,11.44
39,fish and seafood,prawns/shrimp,7.8
40,fish and seafood,rhombus,8.41
41,fish and seafood,salmon,3.47
156,fish and seafood,sardine,0.12
157,fish and seafood,sardines in oil and lemon,3.45
158,fish and seafood,sardines in sunflower oil,3.7
42,fish and seafood,sea bass,2.94
43,fish and seafood,shark,11.5
44,fish and seafood,sole,20.86
45,fish and seafood,squid,9.26
46,fish and seafood,swordfish,12.84
47,fish and seafood,trout,4.2
48,fish and seafood,tuna,2.15
49,fish and seafood,turbot,14.51
50,fish and seafood,whiting,2.66
89,fruit and vegetable,apple,0.29
90,fruit and vegetable,apricot,0.43
91,fruit and vegetable,artichoke,0.48
92,fruit and vegetable,asparagus,0.83
93,fruit and vegetable,avocado,0.86
94,fruit and vegetable,banana,0.72
95,fruit and vegetable,beetroot,0.17
96,fruit and vegetable,broccoli,0.6
97,fruit and vegetable,cabbage,0.23
98,fruit and vegetable,carrot,0.2
99,fruit and vegetable,cauliflower,0.36
100,fruit and vegetable,celery,0.18
101,fruit and vegetable,cherry,0.39
102,fruit and vegetable,chilli,0.66
103,fruit and vegetable,citrus,0.41
104,fruit and vegetable,coconut,1.78
105,fruit and vegetable,"cranberries, blueberries",0.92
106,fruit and vegetable,cucumber,0.56
107,fruit and vegetable,currants and gooseberries,0.84
108,fruit and vegetable,date,0.32
109,fruit and vegetable,eggplants (aubergines),1.35
110,fruit and vegetable,fennel,0.48
111,fruit and vegetable,fig,0.43
112,fruit and vegetable,garlic,0.57
113,fruit and vegetable,gherkin,0.26
114,fruit and vegetable,ginger,0.88
115,fruit and vegetable,grape,0.36
116,fruit and vegetable,grapefruit and pomelo,0.51
117,fruit and vegetable,guava,0.28
118,fruit and vegetable,kiwi,0.43
119,fruit and vegetable,lemons and limes,0.22
120,fruit and vegetable,lettuce,0.43
121,fruit and vegetable,mandarin,0.45
122,fruit and vegetable,melon,1.24
123,fruit and vegetable,mushroom,0.48
124,fruit and vegetable,olive,0.63
125,fruit and vegetable,onion,0.17
126,fruit and vegetable,orange,0.31
127,fruit and vegetable,peach,0.43
128,fruit and vegetable,pear,0.3
129,fruit and vegetable,pepper,0.87
130,fruit and vegetable,pineapple,0.5
131,fruit and vegetable,plum,0.32
132,fruit and vegetable,potato,0.18
133,fruit and vegetable,pumpkin,0.24
134,fruit and vegetable,raspberry,7.35
135,fruit and vegetable,rockmelon / cantelope,0.25
136,fruit and vegetable,spinach,0.54
137,fruit and vegetable,starchy root,0.2
138,fruit and vegetable,strawberry,0.65
139,fruit and vegetable,swedes (rutabage),0.29
140,fruit and vegetable,tangerine,0.51
141,fruit and vegetable,tomato,0.55
142,fruit and vegetable,watermelon,0.38
143,fruit and vegetable,zucchini,0.7
51,grain and nut,almond,1.54
52,grain and nut,barley,0.43
53,grain and nut,bean,1.37
159,grain and nut,bread,0.09
160,grain and nut,bread crumbs,2.75
161,grain and nut,brown breads,1.16
54,grain and nut,butter beans,0.39
55,grain and nut,cashew,1.44
56,grain and nut,cereals misc.,0.43
57,grain and nut,chestnut,0.43
58,grain and nut,chickpea,0.77
59,grain and nut,cowpea,0.48
60,grain and nut,dry peas,0.33
162,grain and nut,fresh pasta,2.89
163,grain and nut,frozen fries,2.23
61,grain and nut,graham flour,0.47
62,grain and nut,green beans,0.46
63,grain and nut,green peas,1.38
64,grain and nut,ground nuts,0.99
65,grain and nut,hazelnut,0.96
66,grain and nut,lentil,1.03
67,grain and nut,maize,0.47
68,grain and nut,millet,0.47
69,grain and nut,nuts misc.,0.47
70,grain and nut,oat,0.57
71,grain and nut,palm oil,0.8
72,grain and nut,pea,1.01
73,grain and nut,peanut,0.83
74,grain and nut,pinto,0.73
75,grain and nut,pistachio,1.52
76,grain and nut,plake beans,0.26
77,grain and nut,quinoa,1.15
78,grain and nut,rapeseed,1.19
79,grain and nut,rice,2.55
80,grain and nut,runner beans,0.75
81,grain and nut,rye,0.38
82,grain and nut,sesame seed,0.88
83,grain and nut,sorghum,0.88
84,grain and nut,soybean,0.48
85,grain and nut,sunflower seed,1.41
164,grain and nut,tofu,2.0
165,grain and nut,torti,1.85
86,grain and nut,walnut,1.51
87,grain and nut,wheat,0.52
88,grain and nut,yellow peas,0.2
144,meat,beef,26.72
145,meat,buffalo,60.43
166,meat,grison,25.2
146,meat,kangaroo,4.1
147,meat,lamb,25.58
148,meat,pork,5.72
149,meat,rabbit,4.7
150,meat,veal,21.5
151,poultry and egg,chicken,3.65
152,poultry and egg,duck,3.08
153,poultry and egg,egg,3.46
154,poultry and egg,emu,1.5
155,poultry and egg,turkey,7.17
167,snack and others,biscuit,4.45
168,snack and others,candy,2.5
169,snack and others,cane sugar,0.73
170,snack and others,chocolate,11.94
171,snack and others,chocolate bars,2.79
172,snack and others,chocolate biscuits,2.33
173,snack and others,chocolate filled with praline,12.93
174,snack and others,cookies with chocolate and nougat,1.6
175,snack and others,crisp,4.16
176,snack and others,dark chocolates,1.88
177,snack and others,dark chocolates with cocoa nibs,1.7
178,snack and others,extra fine dark chocolates,1.97
179,snack and others,flavoured dark chocolates,2.19
180,snack and others,flower honeys,0.95
181,snack and others,fruit juices,0.7
182,snack and others,galettes,1.9
183,snack and others,honey and royal jelly mixtures,4.28
184,snack and others,lemon syrups,1.0
185,snack and others,liquid honeys,1.8
186,snack and others,marshmallow,3.65
187,snack and others,multifruit nectars,1.02
188,snack and others,palmiers,3.65
189,snack and others,swiss chocolates,11.76
190,snack and others,white chocolates,14.4
