Category,Food Item,Carbon Footprint (kg CO2-eq/kg)
Dairy,almond milk,0.42
Dairy,bufalo milk,3.57
Dairy,butter,9.25
Dairy,camembert,7.55
Dairy,cheddar,13.02
Dairy,cheese,8.79
Dairy,coconut milk,0.41
Dairy,cows milk,1.29
Dairy,cream,5.64
Dairy,goats cheese,8.35
Dairy,goats milk,1.41
Dairy,mozzarella,7.5
Dairy,soy milk,0.75
Dairy,yogurt,1.31
Fish & Seafood,alfonsino,3.49
Fish & Seafood,anglerfish,12.29
Fish & Seafood,bass,3.6
Fish & Seafood,bigeye tuna,11.44
Fish & Seafood,carp,1.76
Fish & Seafood,catfish,8.93
Fish & Seafood,cod,3.62
Fish & Seafood,cuttlefish,6.39
Fish & Seafood,eel,3.88
Fish & Seafood,fish,4.99
Fish & Seafood,flatfish,6.41
Fish & Seafood,fork beard,8.01
Fish & Seafood,haddock,3.41
Fish & Seafood,hake,10.4
Fish & Seafood,herring,1.16
Fish & Seafood,ling,6.45
Fish & Seafood,lobster,27.8
Fish & Seafood,mackerel,1.8
Fish & Seafood,megrim,14.15
Fish & Seafood,mussel,9.51
Fish & Seafood,octopus,7.35
Fish & Seafood,pilchard,1.1
Fish & Seafood,pollock,1.4
Fish & Seafood,pomfret,6.63
Fish & Seafood,porbeagle,11.44
Fish & Seafood,prawns/shrimp,7.8
Fish & Seafood,rhombus,8.41
Fish & Seafood,salmon,3.47
Fish & Seafood,sardine,0.12
Fish & Seafood,sardines in oil and lemon,3.45
Fish & Seafood,sardines in sunflower oil,3.7
Fish & Seafood,sea bass,2.94
Fish & Seafood,shark,11.5
Fish & Seafood,sole,20.86
Fish & Seafood,squid,9.26
Fish & Seafood,swordfish,12.84
Fish & Seafood,trout,4.2
Fish & Seafood,tuna,2.15
Fish & Seafood,turbot,14.51
Fish & Seafood,whiting,2.66
"Flours, Grains, Pulses and Nuts",almond,1.54
"Flours, Grains, Pulses and Nuts",barley,0.43
"Flours, Grains, Pulses and Nuts",bean,1.37
"Flours, Grains, Pulses and Nuts",bread,0.09
"Flours, Grains, Pulses and Nuts",bread crumbs,2.75
"Flours, Grains, Pulses and Nuts",brown breads,1.16
"Flours, Grains, Pulses and Nuts",butter beans,0.39
"Flours, Grains, Pulses and Nuts",cashew,1.44
"Flours, Grains, Pulses and Nuts",cereals misc.,0.43
"Flours, Grains, Pulses and Nuts",chestnut,0.43
"Flours, Grains, Pulses and Nuts",chickpea,0.77
"Flours, Grains, Pulses and Nuts",cowpea,0.48
"Flours, Grains, Pulses and Nuts",dry peas,0.33
"Flours, Grains, Pulses and Nuts",fresh pasta,2.89
"Flours, Grains, Pulses and Nuts",frozen fries,2.23
"Flours, Grains, Pulses and Nuts",graham flour,0.47
"Flours, Grains, Pulses and Nuts",green beans,0.46
"Flours, Grains, Pulses and Nuts",green peas,1.38
"Flours, Grains, Pulses and Nuts",ground nuts,0.99
"Flours, Grains, Pulses and Nuts",hazelnut,0.96
"Flours, Grains, Pulses and Nuts",lentil,1.03
"Flours, Grains, Pulses and Nuts",maize,0.47
"Flours, Grains, Pulses and Nuts",millet,0.47
"Flours, Grains, Pulses and Nuts",nuts misc.,0.47
"Flours, Grains, Pulses and Nuts",oat,0.57
"Flours, Grains, Pulses and Nuts",palm oil,0.8
"Flours, Grains, Pulses and Nuts",pea,1.01
"Flours, Grains, Pulses and Nuts",peanut,0.83
"Flours, Grains, Pulses and Nuts",pinto,0.73
"Flours, Grains, Pulses and Nuts",pistachio,1.52
"Flours, Grains, Pulses and Nuts",plake beans,0.26
"Flours, Grains, Pulses and Nuts",quinoa,1.15
"Flours, Grains, Pulses and Nuts",rapeseed,1.19
"Flours, Grains, Pulses and Nuts",rice,2.55
"Flours, Grains, Pulses and Nuts",runner beans,0.75
"Flours, Grains, Pulses and Nuts",rye,0.38
"Flours, Grains, Pulses and Nuts",sesame seed,0.88
"Flours, Grains, Pulses and Nuts",sorghum,0.88
"Flours, Grains, Pulses and Nuts",soybean,0.48
"Flours, Grains, Pulses and Nuts",sunflower seed,1.41
"Flours, Grains, Pulses and Nuts",tofu,2.0
"Flours, Grains, Pulses and Nuts",torti,1.85
"Flours, Grains, Pulses and Nuts",walnut,1.51
"Flours, Grains, Pulses and Nuts",wheat,0.52
"Flours, Grains, Pulses and Nuts",yellow peas,0.2
Fruit and Vegetable,apple,0.29
Fruit and Vegetable,apricot,0.43
Fruit and Vegetable,artichoke,0.48
Fruit and Vegetable,asparagus,0.83
Fruit and Vegetable,avocado,0.86
Fruit and Vegetable,banana,0.72
Fruit and Vegetable,beetroot,0.17
Fruit and Vegetable,broccoli,0.6
Fruit and Vegetable,cabbage,0.23
Fruit and Vegetable,carrot,0.2
Fruit and Vegetable,cauliflower,0.36
Fruit and Vegetable,celery,0.18
Fruit and Vegetable,cherry,0.39
Fruit and Vegetable,chilli,0.66
Fruit and Vegetable,citrus,0.41
Fruit and Vegetable,coconut,1.78
Fruit and Vegetable,"cranberries, blueberries",0.92
Fruit and Vegetable,cucumber,0.56
Fruit and Vegetable,currants and gooseberries,0.84
Fruit and Vegetable,date,0.32
Fruit and Vegetable,eggplants (aubergines),1.35
Fruit and Vegetable,fennel,0.48
Fruit and Vegetable,fig,0.43
Fruit and Vegetable,garlic,0.57
Fruit and Vegetable,gherkin,0.26
Fruit and Vegetable,ginger,0.88
Fruit and Vegetable,grape,0.36
Fruit and Vegetable,grapefruit and pomelo,0.51
Fruit and Vegetable,guava,0.28
Fruit and Vegetable,kiwi,0.43
Fruit and Vegetable,lemons and limes,0.22
Fruit and Vegetable,lettuce,0.43
Fruit and Vegetable,mandarin,0.45
Fruit and Vegetable,melon,1.24
Fruit and Vegetable,mushroom,0.48
Fruit and Vegetable,olive,0.63
Fruit and Vegetable,onion,0.17
Fruit and Vegetable,orange,0.31
Fruit and Vegetable,peach,0.43
Fruit and Vegetable,pear,0.3
Fruit and Vegetable,pepper,0.87
Fruit and Vegetable,pineapple,0.5
Fruit and Vegetable,plum,0.32
Fruit and Vegetable,potato,0.18
Fruit and Vegetable,pumpkin,0.24
Fruit and Vegetable,raspberry,7.35
Fruit and Vegetable,rockmelon / cantelope,0.25
Fruit and Vegetable,spinach,0.54
Fruit and Vegetable,starchy root,0.2
Fruit and Vegetable,strawberry,0.65
Fruit and Vegetable,swedes (rutabage),0.29
Fruit and Vegetable,tangerine,0.51
Fruit and Vegetable,tomato,0.55
Fruit and Vegetable,watermelon,0.38
Fruit and Vegetable,zucchini,0.7
Meat,beef,26.72
Meat,buffalo,60.43
Meat,grison,25.2
Meat,kangaroo,4.1
Meat,lamb,25.58
Meat,pork,5.72
Meat,rabbit,4.7
Meat,veal,21.5
Poultry & Egg,chicken,3.65
Poultry & Egg,duck,3.08
Poultry & Egg,egg,3.46
Poultry & Egg,emu,1.5
Poultry & Egg,turkey,7.17
Snack & Others,biscuit,4.45
Snack & Others,candy,2.5
Snack & Others,cane sugar,0.73
Snack & Others,chocolate,11.94
Snack & Others,chocolate bars,2.79
Snack & Others,chocolate biscuits,2.33
Snack & Others,chocolate filled with praline,12.93
Snack & Others,cookies with chocolate and nougat,1.6
Snack & Others,crisp,4.16
Snack & Others,dark chocolates,1.88
Snack & Others,dark chocolates with cocoa nibs,1.7
Snack & Others,extra fine dark chocolates,1.97
Snack & Others,flavoured dark chocolates,2.19
Snack & Others,flower honeys,0.95
Snack & Others,fruit juices,0.7
Snack & Others,galettes,1.9
Snack & Others,honey and royal jelly mixtures,4.28
Snack & Others,lemon syrups,1.0
Snack & Others,liquid honeys,1.8
Snack & Others,marshmallow,3.65
Snack & Others,multifruit nectars,1.02
Snack & Others,palmiers,3.65
Snack & Others,swiss chocolates,11.76
Snack & Others,white chocolates,14.4
